<ScriptureText><Name>SloKJV</Name>
    <Language>Slovene</Language>
    <Encoding>65001</Encoding>
    <Copyright></Copyright>
    <DefaultFont>Linux Libertine O</DefaultFont>
    <DefaultFontSize>9,5</DefaultFontSize>
    <FileNamePostPart>.usfm</FileNamePostPart>
    <FileNameBookNameForm>41_MAT</FileNameBookNameForm>
    <FileNamePrePart />
    <MinParatextVersion>8.0.63.1</MinParatextVersion>
    <FullName>Sveto pismo kralja Jakoba (1769)</FullName>
    <Editable>F</Editable>
    <BooksPresent>1111111111111111111111111111111111111110111111111111111111111111111111111000000000000000000000000000000000000000000000000000</BooksPresent>
</ScriptureText>
    
